prop,pmin,pmax,a,n
knsu_geprop,0.00000000000,20.0,3.657233756385237,0.9425568773823868
knsu_geprop,-1,-1,-1,-1
