prop,pmin,pmax,a,n
kndx,0.10000000000000,0.77913500000000,8.87544496778536,0.61930000000000
kndx,0.77913500000000,2.57183500000000,7.55278442387944,-0.00870000000000
kndx,2.57183500000000,5.92970000000000,3.84087990499602,0.68820000000000
kndx,5.92970000000000,8.50153500000000,17.20418640980620,-0.14810000000000
kndx,8.50153500000000,11.20437500000000,4.77524086347659,0.44170000000000

