prop,pmin,pmax,a,n
knsu_geprop,0.00000000000,200.0,7.3299052739429404,0.8075257797013213
knsu_geprop,-1,-1,-1,-1
