prop,pmin,pmax,a,n
knsbf,0.00000000000,0.80671500000000,10.70768379803310,0.62470000000000
knsbf,0.80671500000000,1.50311000000000,8.76328007101773,-0.31420000000000
knsbf,1.50311000000000,3.79225000000000,7.85216579497841,-0.01300000000000
knsbf,3.79225000000000,7.03290000000000,3.90676830413905,0.53540000000000
knsbf,7.03290000000000,10.67346000000000,9.65320361987685,0.06380000000000
