prop,pmin,pmax,a,n
knsu_geprop,0.00000000000,20.0,8.213081683031733,0.5524398067302496
knsu_geprop,-1,-1,-1,-1
