prop,pmin,pmax,a,n
knsu_geprop,0.00000000000,200.0,8.55538945198555,0.4167089575879884
knsu_geprop,-1,-1,-1,-1
