prop,pmin,pmax,a,n
knsu,0.00000000000,10.30000000000000,8.26000000000000,0.31900000000000
knsu,-1,-1,-1,-1
