prop,pmin,pmax,a,n
knsu_geprop,0.00000000000,20.0,3.1644588889942615,1.301280702239107
knsu_geprop,-1,-1,-1,-1
