prop,pmin,pmax,a,n
knsu_geprop,0.00000000000,200.0,8.495855868116335,0.9259855555819275
knsu_geprop,-1,-1,-1,-1
