prop,pmin,pmax,a,n
knpsb,0.00000000000000,10.30000000000000,6.50000000000000,0.62800000000000
knsu,-1,-1,-1,-1
