prop,pmin,pmax,a,n
knsu_geprop,0.00000000000,200.0,9.855698064156835,0.5524397940092209
knsu_geprop,-1,-1,-1,-1
