prop,pmin,pmax,a,n
knsu_geprop,0.00000000000,20.0,3.664952369770372,0.8075260351842777
knsu_geprop,-1,-1,-1,-1
