prop,pmin,pmax,a,n
knsu_geprop,0.00000000000,20.0,7.876982368723142,0.6012799555761165
knsu_geprop,-1,-1,-1,-1
