prop,pmin,pmax,a,n
knsu_geprop,0.00000000000,20.0,3.6386351696993326,0.8290715116025605
knsu_geprop,-1,-1,-1,-1
