prop,pmin,pmax,a,n
knfr,0.0,10.30000000000000,7.40000000000000,0.25000000000000
knsu,-1,-1,-1,-1
