Time(s),Chamber Pressure(MPa)
0,0.044
0.083333333,0.044
0.166666667,0.066
0.25,0.088
0.333333333,0.066
0.416666667,0.187
0.5,0.187
0.583333333,0.319
0.666666667,0.374
0.75,0.374
0.833333333,0.583
0.916666667,0.583
1,1.276
1.083333333,1.452
1.166666667,1.606
1.25,1.573
1.333333333,1.595
1.416666667,1.595
1.5,1.595
1.583333333,1.518
1.666666667,1.463
1.75,1.463
1.833333333,1.232
1.916666667,1.232
2,0.638
2.083333333,0.253
2.166666667,0.253
